lat,lon,cluster
50.9052005,6.9639347,0
50.9403976,7.00649,3
50.9623582,6.9273777,1
50.9563517,6.9225004,1
50.9550285,6.9251393,1
50.9558695,6.9228048,1
50.9560651,6.9222494,1
50.9553466,6.922293,1
50.9544702,6.9207681,1
50.9518538,6.9246184,1
50.9515985,6.9252478,1
50.9535555,6.9204156,1
50.9604075,6.9025152,1
50.9546503,6.8800274,1
50.9557615,6.8808806,1
50.9570878,6.9196544,1
50.9569525,6.9207646,1
50.9601816,6.9022102,1
50.9671954,6.9028008,1
50.9604608,6.9013472,1
50.9756814,6.9467234,0
50.9642552,6.9480551,0
50.9649907,6.9476391,0
50.9632796,6.8943621,1
50.958158,6.9187638,1
50.9963791,6.9146874,4
50.9755222,6.9502807,0
50.9999618,6.8854271,4
51.001179,6.8774505,4
50.9968837,6.914581,4
50.9552745,6.9321013,1
50.9554277,6.9325871,0
50.9522133,6.9206586,1
50.9544498,6.9187639,1
50.9542172,6.9187246,1
50.9547349,6.9172551,1
50.9665163,6.897945,1
50.9601402,6.8953967,1
50.9593734,6.8971097,1
50.9570594,6.9115847,1
50.9566763,6.9125427,1
50.9569279,6.9117361,1
50.9564628,6.9129698,1
50.9560691,6.9139599,1
50.9564907,6.9270626,1
50.9621323,6.9046296,1
50.9653955,6.8961472,1
50.9646114,6.8297994,4
50.9697575,6.8447716,4
50.979514,6.8670576,4
51.002207,6.8516326,4
51.0020672,6.8521633,4
50.9349698,6.974271,0
50.9386312,6.9736398,0
50.9495245,6.9262583,1
50.9646588,6.9130089,1
50.9545703,6.9251644,1
50.9542104,6.9244131,1
50.968798,6.9393495,0
50.9718566,6.9351738,0
50.9738058,6.9270105,1
50.9744531,6.9394086,0
50.9979769,6.9069727,4
50.9982226,6.9102249,4
50.9965749,6.9146604,4
50.9660259,6.9494246,0
50.9636834,6.9497498,0
50.9752086,6.9467307,0
50.9478037,6.9226599,1
50.9955061,6.925302,4
51.0146729,6.8973457,4
50.9607779,6.9499798,0
50.9608398,6.9496582,0
51.0243014,6.9601123,4
51.0246909,6.9592967,4
51.0254662,6.9584898,4
51.0261195,6.9582275,4
51.0262732,6.9578674,4
50.9254501,6.9561869,0
50.9318811,6.9516289,0
50.9395399,6.9753385,0
50.9461828,6.8977278,1
50.9463508,6.8956686,1
50.9463176,6.8959787,1
50.9454361,6.888701,1
50.9469573,6.8859112,1
50.9800706,6.8681521,4
50.9421137,6.9589528,0
50.9389185,6.9780129,0
51.0637168,6.8638167,4
51.0610262,6.8729477,4
51.0608517,6.8724008,4
50.9645067,6.9515413,0
50.9664155,6.9518029,0
50.96648,6.9512066,0
50.964225,6.9560649,0
50.9663418,6.9531875,0
50.9612519,6.9564742,0
50.9599996,6.9547383,0
50.9679472,6.955228,0
50.9655045,6.9562809,0
50.9644644,6.9526336,0
50.9650637,6.9533927,0
50.9520962,6.9542983,0
50.927468,6.856958,1
51.0214949,6.8848166,4
50.9516976,6.925729,1
50.9191917,6.9154721,1
51.0512943,6.916132,4
50.9949554,6.9203453,4
51.0387011,6.9462629,4
50.9079948,6.9706467,0
50.9351496,6.9368407,0
50.941115,6.9373856,0
50.9308655,6.9191034,1
50.9368052,6.8657039,1
50.9655955,6.9545767,0
50.9655262,6.953331,0
50.9472988,6.9167527,1
51.0494607,6.8493544,4
51.0471184,6.8467986,4
50.9711306,7.0062013,3
50.9591455,6.9999341,3
50.9538688,6.9107278,1
50.9560372,6.9174429,1
50.9369153,6.8659102,1
50.8561793,6.9568945,0
50.941927,6.9364032,0
50.9419412,6.9358066,0
50.9420717,6.9355574,0
50.9288473,6.9364768,0
50.9297077,6.9385423,0
50.9294748,6.9380873,0
50.9295681,6.9382438,0
50.9286366,6.936715,0
50.9216021,6.9195488,1
50.9457347,6.9403605,0
50.9758103,6.9501529,0
50.9774661,6.949355,0
50.9819562,6.9480077,0
50.9870168,6.9455785,0
50.9979046,6.9371221,4
50.9351148,6.9378096,0
50.9796904,7.0227295,3
50.9807525,7.0234092,3
50.9898126,7.0340744,3
50.9776965,6.9488059,0
50.9797211,6.9480979,0
50.9645732,6.9763688,0
50.9359323,6.9347492,0
50.9279671,6.9401479,0
50.9385914,6.8437065,1
50.9392476,6.8418607,1
50.9161132,6.97993,0
50.9299042,6.9383181,0
50.9217189,6.9663846,0
50.9201122,6.9623533,0
50.9189157,6.9643137,0
50.9188888,6.9622516,0
50.9303936,6.9436314,0
50.9192931,6.9608956,0
50.9402502,6.9722495,0
51.0100662,7.035904,3
50.9348359,6.9490703,0
50.9466272,6.9240521,1
50.9596783,6.9543225,0
50.9467421,6.9225967,1
50.9223326,6.9683518,0
50.920402,6.9691267,0
50.918935,6.969862,0
50.9188476,6.9566555,0
50.8662103,7.0477924,2
50.9418989,6.9563048,0
50.9419058,6.956819,0
50.940053,6.9332039,0
50.9551026,6.956506,0
50.9546712,6.9209252,1
50.942422,6.9564332,0
50.9427274,6.955701,0
50.9428004,6.9557644,0
50.9443978,6.9561426,0
50.9442907,6.9561589,0
50.9434984,6.9541407,0
50.9432071,6.9543539,0
50.9430867,6.9546979,0
50.9428107,6.9546912,0
50.9289673,6.9410604,0
50.9291648,6.9127178,1
50.9301372,6.9144003,1
50.9304077,6.9208265,1
50.9536055,6.9238292,1
50.9221993,6.9584116,0
50.9228183,6.9282321,0
50.9525316,6.953576,0
50.9554684,6.9637203,0
50.9380916,6.9340632,0
50.9683214,7.0167154,3
50.9462382,6.9612876,0
50.9531389,6.9215516,1
50.9328327,6.9345025,0
50.9365078,6.9182217,1
50.9320217,6.9205289,1
50.9314568,6.9179324,1
50.9306681,6.9164984,1
50.9287983,6.9119257,1
50.9632714,7.0229678,3
50.9615778,7.0219524,3
50.9578949,7.0187147,3
50.959496,7.0105631,3
50.9546408,6.930481,1
50.9517383,6.9568766,0
50.9310894,6.9185933,1
50.9433137,6.9608631,0
50.9774281,7.032609,3
50.9828923,7.0379876,3
50.983022,7.0384204,3
50.9813328,7.033685,3
50.9384309,7.0190359,3
50.9363777,6.9334923,0
50.936362,6.9343192,0
50.9289262,6.939284,0
51.006844,7.0281934,3
50.9903409,7.0468635,3
50.9713278,7.0337869,3
50.9693227,7.0363103,3
50.9458798,6.9536503,0
50.9477219,6.9518826,0
50.8820837,7.0662783,2
50.9252465,6.907608,1
50.9508202,6.9187389,1
50.9871131,6.9791794,3
50.9304407,6.9371208,0
50.9309422,6.9378466,0
50.9289236,6.936094,0
50.950599,6.9158103,1
50.975019,7.0139856,3
50.9474492,6.9451369,0
50.9708323,7.0089639,3
50.9691966,7.0062661,3
50.9612829,6.9971515,3
50.9624921,6.9980613,3
50.9634341,7.0020237,3
50.96242,7.0039036,3
50.962939,7.0032819,3
50.9636653,7.0039502,3
50.9693101,7.0071802,3
50.9703865,7.0082034,3
50.9721609,7.0087399,3
50.9557652,7.0165071,3
50.9286363,6.9381717,0
50.9169583,6.9239675,1
50.9510709,6.9173573,1
50.9510035,6.9171522,1
50.913063,6.9409589,0
50.9403875,6.9559087,0
50.9407017,6.9561866,0
50.9407511,6.95618,0
50.9410023,6.9558685,0
50.9175942,6.924062,1
50.9177776,6.9242958,1
50.9834553,7.0219239,3
50.9449878,6.9583479,0
50.9451765,6.958204,0
50.9438065,6.9603058,0
50.9576324,6.9190951,1
50.9170022,6.9284769,0
50.9174395,6.9289078,0
50.9179316,6.9294626,0
50.9187965,6.9303698,0
50.9199659,6.9315875,0
50.9287735,6.9394758,0
50.9288143,6.939736,0
50.9305805,6.9390773,0
50.9369455,6.9456138,0
50.9240059,6.9272387,1
50.9284875,6.9566349,0
50.9522863,6.9521307,0
50.9539065,6.9576489,0
50.9159868,6.92288,1
50.9156479,6.9225705,1
50.9145863,6.9215423,1
50.9202642,6.9156328,1
50.9198649,6.926915,1
50.9189241,6.9262394,1
50.936241,6.9493731,0
50.9322118,6.9566837,0
50.9357984,6.9562595,0
50.9358424,6.959268,0
50.9297832,6.9393588,0
50.9359101,6.9600982,0
50.9355208,6.9591367,0
50.953045,6.9125342,1
50.9354408,6.960016,0
50.9354456,6.9596561,0
50.9401779,6.9609885,0
50.9360299,6.9600968,0
50.9361507,6.9600899,0
50.9610892,6.952498,0
50.9667918,6.9585539,0
50.979478,6.9648037,0
50.9905309,6.9595348,0
50.9891588,6.9614016,0
50.9896701,6.9614562,0
50.9899165,6.9613747,0
50.91243,6.945588,0
50.8979529,6.9513766,0
50.905311,6.9418318,0
51.0168485,7.0068405,3
50.9967463,7.0374073,3
50.9361657,6.9577342,0
50.9391502,6.9519671,0
50.9370181,6.971946,0
50.9392084,6.9554144,0
50.9205099,6.9622515,0
50.9194695,6.9608613,0
51.0040573,7.0444036,3
50.8936659,6.9919645,0
50.9414732,6.9545042,0
51.0017388,6.8775681,4
50.9984437,6.8774612,4
50.9411344,6.953293,0
50.9414188,6.9540461,0
50.941541,6.9549849,0
50.9399902,6.9537408,0
50.9372306,6.9536664,0
50.9401019,7.0195011,3
50.9401528,7.021197,3
50.9415946,6.9508344,0
50.9415689,6.9513876,0
50.9348555,6.9734266,0
50.9360839,6.9592689,0
50.9344604,6.9379452,0
50.9573558,6.9195297,1
50.9814631,7.0787655,3
50.9347251,6.9976822,3
50.9128991,6.9283773,0
50.9479606,6.9452158,0
50.948584,6.9447932,0
50.94787,6.9424835,0
50.9479393,6.9429795,0
50.9393601,6.976782,0
50.9481299,6.9210594,1
50.9238684,6.9568949,0
50.9200973,6.9200756,1
50.919448,6.9195242,1
50.9414524,6.9372634,0
50.9402482,6.9332601,0
50.9409531,6.9347466,0
50.9407448,6.9404587,0
50.9375908,6.947408,0
50.9363645,6.9504006,0
50.9421948,6.9353068,0
50.9277582,6.9398738,0
50.927378,6.9394216,0
50.9273748,6.9401083,0
50.9032466,6.9649724,0
50.9553537,6.9648355,0
50.9521252,6.9524797,0
50.9539524,6.9546172,0
50.949818,6.9231055,1
50.9375077,6.9605742,0
50.9367864,6.961194,0
50.9373536,6.9625359,0
50.93793,6.962156,0
50.9397003,6.9618211,0
50.9369857,6.9623993,0
50.9369312,6.9625543,0
50.9369226,6.9624091,0
50.9368154,6.9627049,0
50.9376205,6.962487,0
50.9377372,6.9624967,0
50.9378393,6.9624353,0
50.9378773,6.9623977,0
50.9382713,6.9623895,0
50.9384578,6.9620896,0
50.9382278,6.9620657,0
50.9549672,6.9174913,1
50.9551321,6.9170426,1
50.9550346,6.91798,1
50.9527336,6.9226822,1
50.9230086,6.9673813,0
50.9582678,6.9181808,1
50.926165,6.938234,0
50.915431,6.9277477,0
50.915224,6.9273256,0
50.9148278,6.9303557,0
50.9149049,6.9292331,0
50.9150161,6.9289301,0
50.9878077,7.0869675,3
50.958424,6.945313,0
50.9057832,6.9587044,0
50.9058397,6.9569402,0
50.9269986,6.9396066,0
50.9275452,6.9396204,0
50.9273163,6.9393818,0
50.9306987,6.9413063,0
50.9286158,6.9394732,0
50.9894101,6.9612948,0
50.9555487,7.0140504,3
50.9123475,6.9243027,1
50.9103417,6.9621369,0
50.9314558,6.9348679,0
50.9339368,6.9342707,0
50.9285329,6.9372945,0
50.9337305,6.9346044,0
50.9414488,6.9351795,0
50.9311961,6.9352749,0
50.940068,6.956888,0
50.9398406,6.9573523,0
50.9579462,7.0203219,3
50.9256428,6.9571014,0
50.9262435,6.958224,0
50.9251806,6.958251,0
50.9258586,6.9580911,0
50.9249222,6.9594522,0
50.9370788,6.9538908,0
50.9393192,6.9453393,0
50.9397408,6.9461814,0
50.9396819,6.946145,0
50.9388896,6.9461822,0
50.938928,6.9472055,0
50.9376012,6.9472814,0
50.937858,6.9470938,0
50.9377803,6.9475534,0
50.9380779,6.9455361,0
50.9400783,6.9446823,0
50.9378397,6.9426758,0
50.9568351,6.9190039,1
50.9555812,6.9183368,1
50.9560518,6.9186039,1
50.9298363,6.9397766,0
50.9369528,6.9444305,0
50.9369662,6.9441465,0
50.9361185,6.944677,0
50.9365628,6.9469791,0
50.9550479,6.9183041,1
50.9546879,6.9181315,1
50.9451188,6.9535313,0
50.9593957,6.9063253,1
50.9453658,6.9557537,0
50.9450039,6.9548026,0
50.9445729,6.9559171,0
50.9379288,6.9421976,0
50.9376865,6.9424025,0
50.9379012,6.9423832,0
50.9378807,6.9422012,0
50.9382137,6.9402967,0
50.9380099,6.9407251,0
50.9381095,6.9421367,0
50.937645,6.9406313,0
50.9376032,6.9414798,0
50.8743762,7.0507713,2
50.8890226,7.0572751,2
50.8887349,7.0538913,2
50.9436929,6.9451737,0
50.9422636,6.9557258,0
50.9523063,6.9137472,1
50.9521478,6.913983,1
50.9519813,6.9142033,1
50.9555239,6.9160085,1
50.9554746,6.9161576,1
50.9258057,6.9662934,0
50.9370633,6.8955023,1
50.9471359,6.8866003,1
50.9345436,6.9559967,0
50.9281126,6.9460482,0
50.9276761,6.9453931,0
50.9275692,6.9456649,0
50.9278151,6.9463353,0
50.9353237,6.9347786,0
50.9397091,6.9583116,0
50.9475565,6.9224516,1
50.9458872,6.9258528,1
50.9472882,6.9231925,1
50.9656217,7.0095603,3
50.9366586,6.9344435,0
50.9322709,6.9212584,1
50.9356597,6.9439675,0
50.9385342,6.9454572,0
50.9300705,6.9380122,0
50.9874027,6.9925359,3
50.9874324,6.9920798,3
50.9867582,6.9910952,3
50.9865557,6.9913069,3
50.9331488,7.0442012,3
50.9244673,6.9445701,0
50.9397553,6.9592082,0
50.9397818,6.9590835,0
50.9392077,6.9587287,0
50.9392095,6.9588797,0
50.9392042,6.9589825,0
50.939319,6.9593278,0
50.9494955,6.9175334,1
50.9488475,6.9168179,1
50.9484873,6.9164154,1
50.9386379,6.9529696,0
50.9370331,6.9497941,0
50.9315567,7.0465494,3
50.930395,7.0469184,3
50.9489469,6.9209012,1
50.9487591,6.9180589,1
50.9530509,6.9570104,0
50.9531151,6.9574543,0
50.907262,6.9637777,0
50.9499555,6.9232888,1
50.9223909,6.96175,0
50.9643669,6.9486065,0
50.9367454,6.9591745,0
50.9772507,7.03266,3
50.9388968,6.9588148,0
50.9651316,7.0101943,3
50.9222334,6.9283015,0
50.9324893,6.9394648,0
50.9219255,6.9632046,0
50.9644265,7.0207347,3
50.9836683,7.040656,3
50.9631084,7.0139818,3
50.9230444,6.9591345,0
50.9230983,6.9591148,0
50.9208014,6.9544012,0
50.92529,6.9373174,0
50.9228151,6.9599976,0
50.9226627,6.9596517,0
50.9219961,6.9559899,0
50.9198975,6.9542865,0
50.9203609,6.9554626,0
50.9202622,6.9561014,0
50.9205156,6.9579891,0
50.9192368,6.9594947,0
50.9183458,6.9595254,0
50.9198126,6.960507,0
50.9199474,6.9608473,0
50.9205522,6.9615491,0
50.9208252,6.9615597,0
50.9207308,6.9618391,0
50.9207372,6.9621797,0
50.9206346,6.9642376,0
50.9215632,6.9574334,0
50.9220267,6.9596732,0
50.9221706,6.9591519,0
50.919493,6.9596653,0
50.9198093,6.9621418,0
50.9216676,6.9619997,0
50.9194486,6.9595554,0
50.9658471,6.9532935,0
50.9376484,6.9614629,0
50.9369018,6.9601175,0
50.9370567,6.960122,0
50.9371226,6.9600878,0
50.9367643,6.9601365,0
50.9374086,6.9596329,0
50.9386744,6.9597018,0
50.9389293,6.9597485,0
50.9474832,7.0895207,3
50.9454515,7.0783014,3
50.947197,7.0803369,3
50.9371913,6.9544852,0
50.9385832,6.9500482,0
50.9385859,6.94999,0
50.9389346,6.9512385,0
50.9389241,6.9510663,0
50.9310111,6.9390318,0
50.9232982,6.9269891,1
50.935604,6.934321,0
50.9346667,6.9406489,0
50.9356154,6.9429948,0
50.9363572,6.9344144,0
50.9486057,7.078922,3
50.9449756,7.0758753,3
50.9406546,6.9432636,0
50.9408816,6.9435429,0
50.9412479,6.9415027,0
50.9414326,6.9415624,0
50.9409945,6.944325,0
50.9406512,6.943189,0
50.940645,6.9430853,0
50.9407362,6.941789,0
50.9407282,6.9413461,0
50.9412925,6.9412792,0
50.9417256,6.9413986,0
50.941584,6.9415924,0
50.9366131,6.9362236,0
50.9366125,6.9364398,0
50.9366108,6.9365414,0
50.9363589,6.936018,0
50.92554,6.954694,0
50.9210459,6.9617218,0
50.9211416,6.9616762,0
50.9213622,6.9620941,0
50.9401643,6.9412066,0
50.9365751,6.9386543,0
50.9212731,6.9616189,0
50.9275451,6.942286,0
50.9283974,6.9410071,0
50.9301806,6.9429819,0
50.9302882,6.9430827,0
51.0619841,6.8554099,4
50.9269254,6.9662508,0
50.9407446,6.9421787,0
50.9368423,6.9567808,0
50.9363626,6.9515125,0
50.9406247,6.9427722,0
50.9370607,6.9388324,0
50.9381923,6.9388895,0
50.9382578,6.9376834,0
50.9383371,6.9350955,0
50.938092,6.934807,0
50.9378183,6.9455585,0
50.9218274,6.962983,0
50.9386167,6.9446305,0
50.9380922,6.9388724,0
50.9368343,6.9387889,0
50.9598048,6.9960469,3
50.9723671,7.0113183,3
50.9724675,7.0109888,3
50.9382094,6.9348871,0
50.9381246,6.9344902,0
50.9366385,6.9347378,0
50.9414448,6.9352293,0
50.8783443,7.1233703,2
50.922191,6.9568924,0
50.9367979,6.9343545,0
51.001231,6.979484,3
50.9289849,6.9397019,0
50.9287613,6.937915,0
51.0013017,6.9798732,3
50.9131025,6.9295103,0
50.926505,6.9383321,0
50.9594208,7.0087276,3
50.9584633,7.0095864,3
50.9586459,7.0093757,3
50.9460598,6.9196893,1
50.9459229,6.920101,1
50.9373161,6.9559708,0
50.9377859,6.955429,0
50.9377262,6.9558755,0
50.9369979,6.9611641,0
50.9370418,6.961161,0
50.937133,6.96116,0
50.9373081,6.9612879,0
50.9374061,6.9612206,0
50.9375429,6.9609898,0
50.9375751,6.959668,0
50.9375583,6.9597759,0
50.9373626,6.9586648,0
50.9380139,6.9570505,0
50.9377721,6.9568774,0
50.9378143,6.9565978,0
50.935165,6.9487548,0
50.9438594,6.9422073,0
50.9076891,6.9661995,0
50.9401533,6.9500518,0
50.9356162,6.9544916,0
50.9357439,6.9545918,0
50.9388164,6.9499979,0
50.9388164,6.9501916,0
51.0651767,6.8655268,4
51.0667653,6.8614266,4
50.9388756,6.9539929,0
50.9696527,6.9795221,0
50.9281081,6.9344726,0
50.9363591,6.9358309,0
50.934159,6.9570936,0
50.9407328,6.9416088,0
50.9378558,6.9604118,0
50.9381034,6.9604767,0
50.9382021,6.9604435,0
50.938316,6.960433,0
50.9384192,6.9604148,0
50.9386286,6.9603805,0
50.9388026,6.9603387,0
50.9390282,6.9602996,0
50.9390972,6.9603208,0
50.9389612,6.9603087,0
50.9369892,6.9627577,0
50.9918997,6.93305,4
50.934818,6.9559636,0
50.936383,6.9576418,0
50.9367427,6.9574664,0
50.9371072,6.9574359,0
50.9222678,6.9617866,0
50.9225696,6.961519,0
50.9387729,6.9548018,0
50.9492379,6.9593426,0
50.9448684,6.8872338,1
50.9306531,6.9208514,1
50.9126671,6.9456656,0
50.9130292,6.9419419,0
50.9393431,6.9476297,0
50.93777,6.9344588,0
50.9464769,6.9385283,0
50.9354382,6.9595475,0
50.9407392,6.9420719,0
50.9243825,6.9596742,0
50.9443694,6.9436532,0
50.9601649,6.981686,0
50.9438344,6.9482402,0
50.9325598,6.9593246,0
50.9318465,6.9418567,0
50.931207,6.947826,0
50.9245869,6.9587253,0
50.9520575,6.9124458,1
50.9518333,6.9139368,1
50.9517893,6.9140016,1
50.9437714,6.9331788,0
50.9326817,6.9206883,1
50.8941998,6.9937923,0
50.9271583,6.9612895,0
50.9271097,6.9610324,0
50.9377153,6.9596431,0
50.9377673,6.9597232,0
50.9376246,6.9612926,0
50.9376348,6.9613593,0
50.9377038,6.9619002,0
50.9372672,6.9600653,0
50.9376133,6.9611703,0
50.9379334,6.9612178,0
50.9375761,6.961625,0
50.9375926,6.9617146,0
50.9375689,6.9617594,0
50.9376897,6.9617929,0
50.9378844,6.9618647,0
50.9377913,6.9622064,0
50.9389903,6.9502346,0
50.9372792,6.9688926,0
50.9375426,6.9688646,0
50.9404062,6.9717531,0
50.9295434,6.9565869,0
50.9314402,6.9567088,0
50.9356744,6.9578273,0
50.9292666,6.9377164,0
50.8725012,7.0295195,2
50.9380264,6.9608298,0
50.9381008,6.9612957,0
50.935205,6.9476123,0
50.9378616,6.9621934,0
50.9379616,6.9621461,0
50.9391875,6.9622299,0
50.956588,6.9193492,1
50.9391346,6.9765727,0
50.9476565,6.9209112,1
50.9113709,6.9424084,0
50.9531233,6.9655897,0
50.9202842,7.0965587,2
50.9218813,7.0903993,2
50.9223612,7.0895104,2
50.9224399,7.0891601,2
50.9215658,7.0824448,2
50.9212541,7.0819082,2
50.9203296,7.097776,2
50.9110547,6.9412912,0
50.9113767,6.9412469,0
50.9120982,6.9410447,0
50.9314684,6.9630423,0
50.9389426,6.9486624,0
50.9298495,6.9387651,0
50.9387775,6.9597162,0
50.9390135,6.9597549,0
50.9239478,7.0763611,2
50.9243813,6.8978828,1
50.938904,6.933672,0
50.9365893,6.9382514,0
50.9484965,6.9180083,1
50.930595,6.9384721,0
50.9471335,6.9191535,1
50.9479126,6.9194886,1
50.9409917,7.0222229,3
50.9773937,6.9467087,0
50.9776735,6.9463578,0
50.9448146,6.8310999,1
50.9480748,6.9204937,1
51.0473625,6.8469956,4
50.9389145,6.9618641,0
50.939005,6.9618599,0
50.9388161,6.9618724,0
50.9391283,6.9618349,0
50.9463178,6.9247831,1
50.9396382,6.9618358,0
50.9397181,6.9615724,0
50.9395855,6.9618232,0
50.9395035,6.9618247,0
50.9319061,6.932383,0
50.9290954,6.9358911,0
50.931366,6.935002,0
50.9306922,6.9207272,1
50.9629202,7.0130277,3
50.9637761,7.0164031,3
50.9303498,6.9367338,0
50.934909,6.9977219,3
50.9345236,6.9975379,3
50.9334745,6.9971825,3
50.9527551,6.9130297,1
50.9528692,6.9128335,1
50.952656,6.9131928,1
50.9535913,6.9134738,1
50.948297,6.9597806,0
50.9315901,6.9325237,0
50.9360014,6.986317,0
50.925653,6.9092654,1
50.9401883,6.961667,0
50.9400042,6.9617164,0
50.9400721,6.9617069,0
50.9399289,6.961726,0
50.9398612,6.961737,0
50.9393,6.9604019,0
50.9397004,6.9614379,0
50.9397211,6.9610996,0
50.9539372,6.9202526,1
50.9315839,6.9962206,3
50.9322436,6.9968316,3
50.9376819,6.9567369,0
50.9217032,6.9550323,0
50.9228383,6.9567478,0
50.9371036,6.9984801,3
50.9336329,6.9589756,0
50.9336099,6.9587357,0
50.9330471,6.9566443,0
50.9330916,6.9563945,0
50.9347441,6.9592724,0
50.9353916,6.9591747,0
50.9354268,6.9593596,0
50.9298775,6.9392424,0
50.931414,6.9186842,1
50.8786786,7.1224211,2
50.8777982,7.1221266,2
50.8776754,7.1221199,2
50.880678,7.119356,2
50.9466581,6.9239737,1
50.9467348,6.9237618,1
50.9468081,6.923529,1
50.9368915,6.8654532,1
50.9290867,6.9406426,0
50.928723,6.9390639,0
50.9791062,7.0701897,3
50.9379875,6.9623696,0
50.9342845,6.9382707,0
50.9411219,6.9457842,0
50.9346485,6.9626452,0
50.9354727,6.8686525,1
50.9401019,7.0305217,3
50.9430328,7.0490213,3
50.942802,7.0503691,3
50.9401049,7.0304002,3
50.9226171,6.9683825,0
50.9287379,6.9391708,0
50.9289154,6.9405396,0
50.94624,6.9385083,0
50.9283919,6.9398133,0
50.93318,6.945296,0
50.9504067,6.9528705,0
50.9181116,6.9251516,1
50.9379702,6.8625353,1
50.9376671,6.9384636,0
50.9369915,6.9377636,0
50.9366642,6.9372911,0
50.9370931,6.9381561,0
50.9322765,7.0200007,3
50.9221063,7.0863947,2
50.9223495,6.987149,0
50.9332942,6.934632,0
50.9321521,6.9382783,0
50.9485421,6.9095255,1
50.9347392,6.9411509,0
50.9347391,6.9408009,0
50.9419605,6.9380905,0
50.9343845,6.9403622,0
50.9423886,6.955095,0
50.9421855,6.9552858,0
50.9379279,6.9375862,0
50.9385677,6.9350983,0
50.939308,6.9393743,0
50.9396525,6.939492,0
50.9301451,6.9414416,0
50.9317546,7.000513,3
50.9655388,6.9770451,0
50.9499838,6.9545117,0
50.9488481,6.9533003,0
50.9491249,6.9553462,0
50.949695,6.9550046,0
50.948791,6.956675,0
50.9495004,6.9564995,0
50.949362,6.956184,0
50.949459,6.9577177,0
50.9491788,6.9617666,0
50.9492029,6.9613931,0
50.9489733,6.9534837,0
50.949582,6.957178,0
50.9483992,6.9560714,0
50.9398891,6.9547573,0
50.9502816,6.9533679,0
50.9503802,6.9557731,0
50.94931,6.9621642,0
50.9558814,6.9667214,0
50.9538244,6.9611075,0
50.9304794,6.9970563,3
50.9296732,6.9393492,0
50.9305027,6.9161757,1
50.9189848,6.9258885,1
50.9231762,6.9239427,1
50.9252613,6.9112494,1
50.9297438,6.9396166,0
50.9109971,6.9229315,1
50.9342926,6.9486155,0
50.9339386,6.9484581,0
50.9348469,6.947903,0
50.9366011,6.9369153,0
50.9368258,6.9074161,1
50.9319406,6.942039,0
50.9301,6.9571662,0
50.9379623,6.932885,0
50.9363731,6.9335867,0
50.9364086,6.9323917,0
50.9429759,6.941226,0
50.9443389,6.9429584,0
50.9426547,7.0085945,3
50.939228,7.0093409,3
50.9399571,7.0110244,3
50.9399466,7.0076121,3
50.9288788,6.9576768,0
50.9176265,6.9604505,0
50.9333961,6.9561226,0
50.9673716,6.9142021,1
50.9483406,6.945307,0
50.9481935,6.945344,0
50.948334,6.9454173,0
50.9462578,6.9458754,0
50.9391418,7.0082333,3
50.94054,6.9992832,3
50.939378,6.9993913,3
50.9404796,6.9991316,3
50.9393304,6.999834,3
50.9385914,7.0005232,3
50.9408758,6.9605322,0
50.9388722,7.001263,3
50.938992,7.0010378,3
50.9382264,7.0007313,3
50.9403375,7.0015903,3
50.9397429,7.0013205,3
50.9402913,7.001564,3
50.9394948,7.0012493,3
50.9346303,6.9602613,0
50.9424059,7.0017152,3
50.9434147,7.0015927,3
50.9169177,6.925921,1
50.9114111,6.9233421,1
50.946086,6.9388475,0
50.9480223,6.9475915,0
50.9488002,6.9505154,0
50.9469122,6.9447991,0
50.9470171,6.9450849,0
50.9371193,6.9347646,0
50.8590207,7.1067276,2
50.955323,6.9397455,0
50.9334547,6.9339193,0
50.9419173,7.008303,3
50.9405515,7.0068341,3
50.9415498,7.0029128,3
50.9417272,7.0041133,3
50.9289799,6.9114675,1
50.9281977,6.9090922,1
50.9313855,6.9250891,1
50.9380459,6.8816949,1
50.9284072,6.9435677,0
50.9640391,7.002312,3
50.9247516,6.911697,1
50.9638599,6.9493229,0
50.9266714,6.9380142,0
50.951686,6.957313,0
50.9520618,6.9568995,0
50.9353391,6.9453973,0
50.9515863,7.0080218,3
50.9286718,6.9372347,0
50.9240186,6.9123675,1
50.9249361,6.9115232,1
50.9323157,6.9214143,1
50.9321884,6.9209946,1
50.9811136,7.0239041,3
50.9812277,7.0240617,3
50.9386059,7.0079662,3
50.9386309,7.0080837,3
50.9385321,7.0058584,3
50.9513226,7.0054352,3
50.9382452,6.9452271,0
50.9326193,6.9214507,1
50.9587161,6.9476096,0
50.948251,6.9513674,0
50.9508706,6.9177662,1
50.9577321,7.0115119,3
50.9579955,7.0106891,3
50.9295973,6.9378369,0
50.9280187,6.9351358,0
50.9413983,6.935119,0
50.93493,6.934379,0
50.9293418,6.9407051,0
50.9679248,6.9588301,0
50.9640752,7.0210199,3
50.9534864,6.9206126,1
50.9308034,6.9160356,1
50.9254311,6.9105925,1
50.9311604,6.9170305,1
50.9379145,6.9467259,0
50.8843068,7.0545886,2
50.9217864,6.9322837,0
50.9324486,6.9217834,1
50.9332672,6.9233228,1
50.9427032,7.0423192,3
50.9524603,6.9573725,0
51.0352049,6.9033999,4
50.9491026,7.0056577,3
50.9516106,6.9546046,0
50.8973901,7.0657853,2
50.9428854,6.9576234,0
50.9459567,6.9452477,0
50.9469219,6.9451966,0
50.9703258,6.9519605,0
50.9473396,6.9230155,1
50.9288326,6.9110988,1
50.931859,6.9191277,1
50.9058211,6.968574,0
50.8914764,6.9964158,0
50.9355236,6.9601678,0
50.9706187,7.089901,3
50.9483428,6.9209132,1
50.94927,6.922568,1
50.9384634,6.9604049,0
50.9741074,6.9605656,0
50.9413152,6.9375161,0
50.9208668,6.9590821,0
50.9208462,6.9589286,0
50.9535256,6.9118405,1
50.9578128,6.9096063,1
50.8909297,7.0232402,2
50.8742671,7.0324929,2
50.9389011,6.9335188,0
50.9402846,6.8894285,1
50.9396943,6.8890934,1
50.9456067,6.8899259,1
50.9375553,6.8931582,1
50.8809836,7.014895,2
50.9379733,6.8824767,1
50.9280788,6.9277182,1
50.9362902,6.9410217,0
50.9364543,6.9409393,0
50.9363291,6.9409225,0
50.9363819,6.9408477,0
50.9244781,6.9171199,1
50.9267878,6.9272749,1
50.9284376,6.9296888,0
50.9341905,6.919719,1
50.9397385,6.9587439,0
50.937515,6.9424212,0
50.9371876,6.9435675,0
50.9238937,6.9586175,0
51.0154938,6.8582002,4
50.863321,7.0372862,2
50.9512128,6.9199147,1
50.9415667,6.9553385,0
50.8985912,6.9662211,0
50.8992964,6.9661456,0
50.8671787,7.018715,2
50.8914128,6.9906067,0
50.9368772,6.951807,0
50.8721698,7.0283493,2
50.9245801,6.9780268,0
50.8909596,7.0211106,2
50.9330307,6.9526995,0
50.9513403,6.9542103,0
50.9514348,6.9539277,0
50.9347407,6.9507829,0
50.9419505,6.9565866,0
50.9386213,6.9596853,0
50.9391512,6.9531017,0
50.9356878,6.9745144,0
50.937953,7.0022665,3
50.9385887,7.0078554,3
50.9462645,6.9565529,0
50.8564841,7.0837107,2
50.9353011,6.9432912,0
50.9644296,6.999815,3
50.9446045,6.923452,1
50.9444877,6.9237073,1
50.9978787,6.8768188,4
51.0017758,6.8696764,4
50.9755219,7.0741728,3
50.9389616,6.9480055,0
50.8628067,7.0066186,2
50.9325315,6.8584734,1
50.862452,7.0079693,2
50.9470404,7.084748,3
50.9477518,6.9156114,1
50.9241632,6.9447183,0
50.9288812,6.9387101,0
50.8923367,6.9934006,0
50.9327586,6.9342611,0
50.9281537,6.9407566,0
50.9672339,7.0498994,3
50.899227,7.0308222,2
50.8967555,6.990796,0
50.9312654,6.9348849,0
50.9292735,6.9372737,0
50.9291294,6.9374867,0
50.9293365,6.9373726,0
50.9290904,6.9374216,0
50.9300595,6.9386697,0
50.9299213,6.9388977,0
50.9293861,6.9374653,0
50.9289488,6.9367369,0
50.9290459,6.937347,0
50.9297998,6.9386782,0
50.929316,6.9378171,0
50.9480697,6.9217734,1
50.9569815,6.918362,1
50.9155043,6.92691,1
50.9027054,7.0162337,2
50.9003829,7.0187773,2
51.0203607,6.8982064,4
50.9326213,6.955191,0
51.0216067,6.8998063,4
50.9646102,7.010917,3
50.8812263,7.0752012,2
50.8813177,7.0736847,2
50.8822483,7.0783462,2
51.0221822,6.899125,4
50.920834,7.0818482,2
50.9614496,6.9520034,0
50.9367813,6.9401359,0
50.9367426,6.93993,0
51.0219974,6.8988873,4
51.0211909,6.9023151,4
50.9401907,6.9603582,0
50.9204215,6.9332025,0
50.9373072,6.819288,1
50.9656234,6.9529777,0
50.9369038,6.9747786,0
50.955764,6.9055493,1
51.0006463,7.0396327,3
50.9996501,7.038535,3
50.9408369,6.94643,0
51.001418,7.0423934,3
50.9997785,7.0383678,3
51.0004037,7.0394503,3
50.8785199,6.9624929,0
50.8796113,6.964005,0
50.8795297,6.963247,0
50.9380217,6.8811807,1
50.9502811,6.9280204,1
50.9506766,6.9281012,1
50.9181538,6.9606497,0
50.9976347,7.0370326,3
50.9366082,6.9367484,0
50.9653338,6.8322772,4
50.9352746,6.9386084,0
50.9352363,6.9381247,0
50.936893,6.9743052,0
50.9293175,7.0415384,3
50.9710934,7.0911855,3
50.9601025,6.8327248,4
50.8845978,7.0581917,2
50.9744102,6.9609625,0
50.891319,7.0572728,2
50.9392216,6.9557396,0
50.9875609,6.9612205,0
50.9113725,6.990002,0
50.9580904,6.9439835,0
50.9649323,6.9521786,0
51.0244174,6.8828332,4
50.9745062,7.0750313,3
50.94563,6.9264645,1
50.9338903,6.9355726,0
50.9500095,6.9583098,0
50.9657825,7.0093377,3
50.9718575,7.0095144,3
50.9716463,7.0099249,3
50.9702929,7.0080419,3
50.9693573,7.0064805,3
50.9236687,6.9586796,0
50.9235477,6.9586772,0
50.9217927,6.9589548,0
50.9225815,6.9625384,0
50.9499878,6.9286793,1
50.9649666,6.954304,0
50.9280011,6.9441376,0
50.930327,6.9428551,0
50.9309944,6.9401178,0
50.9369503,6.9458107,0
50.8823273,7.0578152,2
50.9392533,6.9410393,0
50.9394371,6.9410726,0
50.9394856,6.9410785,0
50.921863,6.9359406,0
50.9219934,6.9353169,0
50.9680857,6.9569873,0
50.9392287,6.9582689,0
50.9415523,6.9399396,0
50.9423523,6.9401444,0
50.942082,6.9400809,0
50.9392755,6.9565357,0
50.9378192,6.9452277,0
50.9386507,6.9408899,0
50.9384726,6.9408352,0
50.9385739,6.940855,0
50.939258,6.9525034,0
50.9962233,6.8725311,4
50.9782266,7.0859047,3
50.9677955,6.9532959,0
50.9370881,6.9372922,0
50.9343727,6.9363014,0
50.9258286,6.9382924,0
50.9118809,6.9896841,0
50.9371006,6.9405016,0
50.9277987,6.9326921,0
50.9312421,6.9348547,0
50.9178506,6.9266351,1
50.9382468,6.938583,0
50.9157524,6.9926135,0
50.9114496,6.9844522,0
50.9503873,6.9805008,0
50.9627754,6.9674016,0
50.9496727,6.9535381,0
50.8904996,7.0526609,2
50.9396383,6.9476573,0
50.9395289,6.9476482,0
50.8886686,7.0535387,2
50.9596783,7.0079158,3
50.9303555,6.9406854,0
50.9149127,6.9929189,0
50.9156262,6.9924529,0
50.9604056,6.9542854,0
50.9473581,6.9229303,1
50.9473023,6.9230846,1
50.9386157,6.9623323,0
50.8843778,7.0599979,2
50.9445402,6.8277502,1
50.9466538,6.8296499,1
50.9318902,6.9645967,0
50.9425631,6.9817275,0
50.8837777,7.0600406,2
50.9405984,6.8791243,1
50.9165043,6.9607484,0
50.9435951,6.9337095,0
50.9318248,6.8467062,1
50.9355514,6.9593333,0
50.9393085,6.9618578,0
50.939373,6.9618504,0
50.9191425,6.8504988,1
50.9308808,6.9400266,0
50.9408528,6.9442744,0
50.9512239,6.9068116,1
50.898799,7.0321014,2
50.9390112,6.97736,0
50.9386556,6.9815059,0
50.9347595,6.936574,0
50.9333833,6.934895,0
50.9323167,6.9335253,0
50.9329359,6.9376043,0
50.9407171,6.943611,0
50.940697,6.9434983,0
50.9352447,6.9369072,0
50.9703658,7.0143217,3
50.8938809,7.0781021,2
50.9497935,6.9657729,0
50.9548897,6.9182022,1
50.8765686,7.0832093,2
51.0652964,6.8673237,4
50.8964353,7.0965785,2
50.9537284,6.9114945,1
50.9803713,6.9185543,1
50.9280836,6.9437064,0
50.9188861,6.9604211,0
50.9655849,7.009217,3
50.9642004,7.0010283,3
50.9119924,6.9239294,1
50.9108824,6.940742,0
50.9108385,6.9409487,0
50.9322963,6.9560522,0
50.9112353,6.9231438,1
50.9207309,6.9637589,0
50.9405012,6.9739258,0
50.8976324,6.9906099,0
50.9532873,6.903841,1
50.9523163,6.901212,1
50.8882273,7.000967,2
50.9386252,6.9405933,0
50.9385815,6.9397853,0
50.938841,6.9398329,0
50.9388152,6.9406763,0
50.9387569,6.9398389,0
50.9383922,6.9397397,0
50.9383901,6.9403332,0
50.9389872,6.9401498,0
50.9391065,6.9567056,0
50.9750473,7.0748595,3
50.9761549,7.0726966,3
50.9381937,6.939998,0
50.9378477,6.9395901,0
50.9356622,6.9497384,0
50.9429285,6.9569933,0
50.9316301,6.9484542,0
50.9297775,6.9420912,0
50.8923182,7.0714972,2
50.9577278,6.9005853,1
51.0032741,6.8885304,4
50.9372256,6.9388622,0
50.9370675,6.9698497,0
50.9529539,6.951705,0
50.9373353,6.9405734,0
50.9243584,6.9600775,0
50.9364885,6.8986071,1
51.0371967,6.883235,4
50.9808723,7.0720183,3
50.9309015,6.854386,1
50.9308174,6.8547585,1
50.9306407,6.8694409,1
50.9230458,6.9559117,0
50.9218826,6.9631834,0
50.9220535,6.963724,0
50.9425528,6.8341253,1
50.9372198,6.9611553,0
50.9380493,6.8407226,1
50.9390959,6.9388327,0
50.9393543,6.9386995,0
50.9401254,6.9382544,0
50.9395287,6.9400233,0
50.9288762,6.9410938,0
50.8730754,7.0487818,2
50.8686946,7.0428179,2
50.942313,6.940763,0
50.907465,6.9049067,1
50.9391338,6.9401973,0
50.9392288,6.9407821,0
50.9426308,6.9409347,0
50.9404932,6.9412696,0
50.9406104,6.9416852,0
50.940555,6.9412869,0
50.9404904,6.9420728,0
50.9402303,6.942315,0
50.9369834,6.899318,1
50.9197197,6.9099238,1
50.9313514,6.9185543,1
50.9216069,6.9204418,1
50.9407876,6.9429983,0
50.9407673,6.9425574,0
50.9413591,6.9415234,0
50.9461238,6.9194764,1
50.9478473,6.921776,1
50.9287533,6.9501936,0
50.9661104,6.9147532,1
50.9207122,6.9552413,0
50.9204687,6.9560513,0
50.9983387,6.9063973,4
50.9097582,6.9695862,0
50.9102428,6.9713767,0
50.9102965,6.9712968,0
50.8692644,7.0430579,2
50.8687327,7.0420494,2
50.8697959,7.043718,2
50.8694138,7.0432627,2
50.940156,7.0230479,3
50.9218884,6.9323935,0
50.9943296,6.9317965,4
50.9126209,6.9409015,0
50.8590121,7.1063389,2
50.9347476,6.9408751,0
50.9347872,6.9413866,0
50.9348923,6.9431138,0
50.9378504,6.9496394,0
50.8967654,7.0784603,2
50.8483951,6.9738684,0
50.8492622,6.972283,0
50.9794456,6.9436486,0
50.9363079,6.936903,0
50.9462708,6.9117884,1
50.9469271,6.9215736,1
50.9369997,7.0090022,3
50.9379625,6.9447336,0
50.9224352,6.9597325,0
50.9458822,6.9562892,0
50.9329133,6.9806794,0
50.934672,6.940123,0
50.9664295,6.9531742,0
50.9701991,6.8854921,1
50.9697176,6.8850271,1
50.9366705,6.9341372,0
50.9179819,6.9603461,0
50.9179277,6.9603703,0
50.9202274,6.960035,0
50.9673078,7.0023642,3
50.8926363,7.0728315,2
50.9199102,6.9593969,0
50.9237787,6.9274317,1
50.9485301,6.9435705,0
50.9060313,6.958452,0
50.9040445,6.957255,0
50.8767249,7.1035408,2
50.954278,6.90999,1
50.9394882,7.003513,3
50.9361095,6.9347209,0
50.9624163,6.9583358,0
50.9620087,6.9567434,0
50.9409356,6.9843743,0
50.9399973,7.0075317,3
50.974109,6.9651889,0
50.9618869,6.9545379,0
50.9602264,6.9546758,0
50.9610919,6.9552513,0
50.962632,6.958849,0
50.9377335,6.8349837,1
50.9479128,6.8292771,1
50.9406932,6.9693296,0
50.9199946,6.9601003,0
50.9395631,7.0171406,3
50.9665183,6.9531555,0
50.9632323,6.952277,0
50.9423323,6.9560536,0
50.9297309,6.9399832,0
50.9149622,6.9290734,0
50.9492001,6.9615227,0
50.9491753,6.9617716,0
50.9437792,6.9072717,1
51.0371793,6.8835552,4
50.9600186,6.9702263,0
50.9387963,6.9507383,0
50.938703,6.9507024,0
50.9388339,6.9507104,0
50.950275,6.9113915,1
50.9374483,6.9991804,3
50.937031,7.0004069,3
50.9372692,6.9992101,3
50.9368177,7.0004605,3
50.9979799,6.9061832,4
50.9428331,6.9365287,0
50.9576747,6.9246688,1
50.9297477,6.9467086,0
50.9403413,6.9617754,0
50.932377,6.9488662,0
50.9605817,6.9642249,0
50.9371008,6.9775998,0
50.968888,7.0412601,3
50.9097018,6.9283949,0
50.9144718,6.9303403,0
50.9505509,6.9115781,1
50.9755678,7.0747508,3
50.9416497,6.9524978,0
50.9203033,6.9562142,0
50.911354,6.9846067,0
50.9313856,6.9645617,0
51.018573,6.9018464,4
51.0067013,6.8701283,4
51.0003728,6.8792546,4
50.9242156,6.9270805,1
50.9665937,6.9133045,1
50.9578059,6.9198638,1
50.9516119,6.9226779,1
50.9672347,6.9534673,0
50.9446224,6.9559166,0
50.9323895,6.9555715,0
50.9379804,6.9604071,0
50.921497,6.9329866,0
50.9400723,6.9508439,0
50.973914,7.0568102,3
50.9277623,6.9575196,0
50.9164392,6.9905091,0
50.9321844,6.9566846,0
50.9538947,6.9598269,0
50.9384578,6.8386121,1
50.8784671,7.1235884,2
50.9228656,6.9523965,0
50.9191472,6.9603489,0
50.9096651,6.941536,0
50.9202019,6.962357,0
50.9346857,6.94027,0
50.9181057,7.0805099,2
50.9526218,6.9132457,1
50.93499,6.942994,0
50.9593246,6.9732771,0
50.9347094,6.9607755,0
50.9611054,6.9772376,0
50.957841,6.9232926,1
50.9340782,6.9363708,0
50.9239943,6.9586359,0
51.0073689,6.8669846,4
51.0073386,6.8668881,4
50.9664445,7.0123933,3
50.9665165,7.0099999,3
50.9171002,6.9605987,0
50.9217826,6.9627008,0
50.9191447,6.9600055,0
50.962251,7.0059275,3
50.8382889,7.0690538,2
50.9208817,6.9599855,0
50.9370015,6.9765352,0
50.9196025,6.9604264,0
50.9185974,6.9605577,0
50.9216424,6.9591232,0
50.91985,6.96019,0
50.9102689,6.9620701,0
50.9406575,6.9692669,0
50.9594442,6.9954557,3
50.9032225,6.9809188,0
50.9274963,6.9037148,1
50.9274249,6.9036314,1
50.9517932,6.9573343,0
50.9486749,6.8813229,1
50.9309786,6.9412834,0
50.9513766,6.9190468,1
50.8733642,7.0338733,2
50.8740451,7.0328981,2
50.9366757,6.9598395,0
50.9204751,6.9575749,0
50.9197691,6.959335,0
50.9677939,6.8880735,1
50.949461,6.9572652,0
50.9483727,6.9558785,0
50.9750143,7.0740474,3
50.9311258,6.9481506,0
50.9492605,6.9589638,0
50.9976964,6.8759741,4
50.9451041,6.9613482,0
50.9366853,6.9596439,0
50.9366817,6.959762,0
50.9250955,6.9452143,0
50.9467691,6.9243942,1
50.9348425,6.9346866,0
50.8958074,6.9668858,0
50.9050838,6.9645162,0
51.0624694,6.8618206,4
50.953482,6.9119121,1
50.9464993,6.9249923,1
50.9525711,6.95742,0
50.9414156,6.9367513,0
50.92329,7.0778572,2
50.9488779,6.8804745,1
50.9369855,7.008744,3
50.940219,6.9365586,0
50.9179761,6.9239473,1
50.9533529,6.9658181,0
50.939351,6.939975,0
50.9221709,6.9618166,0
50.9212153,6.9612493,0
50.9219554,6.9596987,0
50.9520671,6.9141367,1
51.0216244,6.9195857,4
50.998342,6.8773594,4
50.8950031,6.992378,0
50.8932588,6.9950948,0
50.8950627,6.994152,0
50.9289448,7.0410845,3
50.8931689,6.9953437,0
51.0553311,6.8474719,4
50.8920408,6.9961245,0
50.9167964,6.965331,0
50.8924251,6.9942169,0
50.9382907,6.9718451,0
50.9969256,6.9053564,4
50.9276671,6.9575464,0
50.9596855,6.996356,3
50.9497318,6.9590874,0
50.9247288,6.9583784,0
50.9786051,7.0707897,3
50.9404084,6.8993108,1
50.9297478,6.9404874,0
50.928167,6.9573944,0
50.9670963,6.9534564,0
50.9244515,6.9587432,0
50.9859726,6.9975925,3
50.9225692,6.9592574,0
50.9263617,6.9581791,0
50.9499782,6.9526189,0
50.9221324,6.8525286,1
50.9375607,6.9389284,0
50.9374225,6.9388814,0
50.9366867,6.9735815,0
50.935616,6.9431566,0
50.8812481,7.0795512,2
50.9311196,6.939011,0
50.9333845,6.9594672,0
50.8921654,7.0776415,2
50.8813191,7.0801091,2
50.945534,7.079346,3
50.9366406,6.9410509,0
50.9348775,6.9363678,0
50.948418,6.9538895,0
50.9225007,6.9619698,0
50.9190715,6.960026,0
50.9287194,6.9375966,0
50.9527508,6.9120155,1
50.9593626,6.9519137,0
50.9598087,6.9499091,0
50.8811313,7.0974,2
50.9541344,6.9098241,1
50.9860178,6.9976796,3
50.9859957,6.9976364,3
50.9696058,7.0442839,3
50.9224365,7.088688,2
50.9329197,6.9358188,0
50.9864316,6.8898854,4
50.9407356,6.9419404,0
50.9645638,6.9768541,0
50.9200366,6.9205553,1
50.9563553,6.9047341,1
50.9396692,6.9616232,0
50.9587844,7.0091732,3
50.9196453,6.9504409,0
50.9339334,6.9346348,0
50.933501,6.9350817,0
50.9874732,6.8846765,4
50.9491225,6.9196076,1
50.9393602,6.8422379,1
50.9415939,6.8368252,1
50.9583808,6.9395271,0
50.9479306,6.9568276,0
50.9685931,6.9490231,0
50.9381055,6.977791,0
50.8869592,7.0024498,2
50.9441862,6.828555,1
50.9390962,6.9767767,0
50.9393835,6.9757799,0
50.936682,6.9775574,0
50.9366984,6.973968,0
50.9366865,6.9734531,0
50.9366936,6.9742449,0
50.9343012,6.9709673,0
51.0632376,6.8626157,4
50.9337913,6.9477893,0
50.92226,6.9273678,1
50.9302786,6.9390134,0
50.9203873,6.9245375,1
50.9234859,6.9272386,1
50.9322007,6.9424358,0
50.9642974,7.0000218,3
51.0191242,6.9264526,4
50.9366279,6.9351432,0
50.9674673,7.003599,3
50.93693,6.901458,1
50.936901,6.9020624,1
50.910233,6.9630947,0
50.9369665,6.8998965,1
50.9391304,6.9399627,0
50.9406742,6.9434254,0
50.9417018,6.9410752,0
50.9419853,6.940644,0
50.9447358,6.9429151,0
50.9448093,6.9429835,0
50.9457629,6.9450817,0
50.9328589,6.9384225,0
50.9385144,6.9089628,1
50.9371997,6.9589148,0
50.944602,6.961884,0
50.9523288,6.9524008,0
50.9501746,6.9131961,1
50.9274528,6.9655453,0
50.9273758,6.9656049,0
50.9663395,6.9536322,0
50.9337069,6.9354317,0
50.9406182,6.9418063,0
50.9376158,6.9475164,0
50.9482737,6.9513431,0
50.9485616,6.8294012,1
50.9359529,6.9553904,0
50.8815928,7.0921027,2
50.9380313,6.9396424,0
50.9224016,6.9350845,0
50.9345419,6.9395711,0
50.9566902,6.919095,1
50.948444,6.9617898,0
50.9340717,6.9474186,0
50.9522096,6.9598452,0
50.9688428,7.050219,3
50.9382098,6.9750551,0
50.9302809,6.9408038,0
50.9715487,7.0387917,3
50.971401,7.0497361,3
50.9521378,6.9180656,1
50.9482753,6.9547493,0
50.9481514,6.9545536,0
50.9473537,6.9208913,1
50.9134252,6.932933,0
50.9141506,6.9311923,0
50.948491,6.9541346,0
50.9480762,6.9552076,0
50.9477225,6.9567907,0
50.9491262,6.9563645,0
50.966055,7.011636,3
50.9895838,6.9637789,0
50.9244091,6.9585326,0
50.9472343,6.9565209,0
50.9335572,6.9351834,0
50.9468786,6.9447807,0
50.9400585,6.9340197,0
50.940241,6.9345649,0
50.9464193,6.8285788,1
50.936642,6.9740403,0
50.9163857,6.9228657,1
50.9476261,6.9533425,0
50.9286447,6.9571068,0
50.943271,7.0488494,3
50.9468663,6.9215281,1
50.9358727,6.9581974,0
50.9702109,7.0464422,3
50.9642576,6.9535778,0
50.9379366,7.0020393,3
50.9318395,6.9401167,0
50.9382004,6.9381688,0
50.9476218,6.9216345,1
50.9643725,6.9768054,0
50.9125097,7.0568423,2
50.9656806,7.0090219,3
50.9337928,6.932753,0
50.9318905,6.9329001,0
50.9188171,6.9579305,0
50.9225969,6.9522373,0
50.9664905,6.9535927,0
50.9418939,6.9414443,0
50.9422961,6.9415703,0
50.940101,6.9379323,0
50.9355181,6.9426891,0
50.9008851,6.9455975,0
50.9374125,6.9394865,0
50.9367475,6.9411623,0
50.9337994,6.939922,0
50.9435049,7.0214698,3
50.9140552,6.9465523,0
50.9160219,6.9273218,0
50.9663934,6.9777379,0
50.949726,6.9567436,0
50.9446969,7.0056063,3
50.9337048,6.946016,0
50.9376833,6.9980708,3
50.8643628,7.0982154,2
50.9259894,6.9284893,0
50.9161263,6.9275829,0
50.9415597,6.9412358,0
50.9209311,6.9180467,1
50.9520992,6.9579828,0
50.9562769,6.9122662,1
50.9285879,6.9419658,0
50.8735736,6.9544736,0
50.9203235,6.9538307,0
50.9459328,6.9207195,1
50.9779334,6.8856473,4
50.9373092,6.9388736,0
50.9456973,7.0737399,3
50.9351436,6.9442366,0
50.9350946,6.9435813,0
50.9305981,6.9472706,0
50.9396224,7.0171349,3
50.9227431,6.9226761,1
50.9487025,6.95384,0
50.9644457,7.0208216,3
50.9573738,6.8998473,1
50.9474595,6.9048215,1
50.9416812,6.9088459,1
50.9349184,6.9378706,0
50.9384801,6.9369616,0
50.9777526,6.8578015,4
50.9402875,6.9351464,0
50.9539246,6.9577565,0
50.9538854,6.9575093,0
50.9532869,6.9570275,0
50.9534189,6.9570487,0
50.9521262,6.956925,0
50.9528662,6.9569681,0
50.9523069,6.9573641,0
50.9522351,6.9573487,0
50.9512961,6.9572667,0
50.9528077,6.9569773,0
50.9539267,6.9581589,0
50.9511376,6.9549577,0
50.9505011,6.9536331,0
50.911087,6.9688994,0
50.9285293,6.943427,0
50.9539549,6.9564804,0
50.8770833,7.1228143,2
50.9796933,6.8670432,4
50.9219995,6.9592103,0
50.9199782,6.9592981,0
50.9366147,6.93592,0
50.9538229,6.9504251,0
50.9799508,6.8669365,4
50.9389829,6.9392526,0
50.9737443,6.8639699,4
50.9079369,6.9700859,0
50.9414139,6.8790936,1
50.9349427,6.9732572,0
50.9544156,7.0135229,3
50.9550857,7.0135479,3
50.9323927,6.933224,0
50.9272081,6.9284681,1
50.9435472,6.9448148,0
50.9341965,6.9362441,0
50.9341275,6.9346636,0
50.9325427,6.9339413,0
50.9326281,6.9354284,0
50.930036,6.9381114,0
50.9300068,6.9385708,0
50.9300846,6.9387161,0
50.9095886,6.9697738,0
50.9292056,6.9371559,0
50.9278347,6.9347031,0
50.9400626,6.8790508,1
50.9335617,6.9356616,0
50.9365972,6.9370079,0
50.9311682,6.9641304,0
50.925136,6.964171,0
50.8813774,7.0571767,2
50.8836801,7.057371,2
50.883812,7.0577092,2
50.8834031,7.0599586,2
50.8796504,7.0538495,2
50.9420469,6.9430737,0
50.9420578,6.9435699,0
50.9561996,6.9175824,1
50.9378075,6.9389638,0
50.9358267,6.9588906,0
50.9682403,7.0148879,3
50.9147,6.9411706,0
51.0463248,6.850431,4
50.9319866,6.9323511,0
51.0378901,6.9255007,4
51.0231477,6.8978094,4
50.940759,6.9999817,3
50.9328369,6.9447794,0
50.9189567,6.9600609,0
50.9441939,6.9607577,0
50.9442704,6.9607749,0
50.9384192,6.9548948,0
50.9498143,6.9579535,0
50.9506874,6.9569153,0
50.9508572,6.9570199,0
50.9371115,6.8904705,1
50.9140382,6.931512,0
50.9386627,6.9404365,0
50.9186698,6.964349,0
50.9311963,6.9403987,0
50.9523445,6.9131573,1
51.0208426,6.9013915,4
50.9124012,6.9409178,0
50.9373364,6.9982776,3
50.9339747,6.9561795,0
50.8881579,7.0549346,2
50.8685376,7.0192515,2
50.9085823,7.0539871,2
50.9673919,6.9534349,0
50.9512632,6.9557475,0
50.9480056,6.9457734,0
50.9542003,6.9107666,1
50.9462426,6.9447184,0
50.9808211,6.8976273,4
50.9372357,6.9375266,0
50.8621584,7.0071086,2
50.862667,7.0089151,2
50.8626224,7.008399,2
50.9441898,7.0477697,3
50.9401364,7.0255044,3
50.9192184,6.9600037,0
50.9344414,6.9414444,0
50.857036,7.0815268,2
50.8787614,7.1224624,2
50.9176603,6.9895296,0
50.9176028,6.9895792,0
50.9369048,6.9373014,0
50.9075185,6.9659945,0
50.9115504,6.9683871,0
50.9098355,6.9631661,0
50.9214942,6.9548158,0
50.9211251,6.9564559,0
50.9356286,6.9339374,0
50.9090932,6.9610417,0
50.9101427,6.9619778,0
50.9403932,6.9389063,0
50.9404072,6.9389955,0
50.9404096,6.939101,0
50.940431,6.9392961,0
50.9407583,6.9396676,0
50.9045288,6.9639841,0
50.9089629,6.9700564,0
50.9811562,6.8986746,4
50.9817025,6.899275,4
50.8597629,6.9620664,0
50.9371911,6.9544175,0
50.9354564,6.9601883,0
50.9403654,6.938549,0
50.9184136,6.9251384,1
50.9159458,6.9280684,0
50.912598,6.9245637,1
50.9125211,6.9244836,1
50.9185428,6.9257358,1
50.9399214,6.9383546,0
50.9202528,6.9198487,1
50.9459673,6.9612201,0
50.9201996,6.9202999,1
50.9392178,6.9583402,0
50.8991847,6.9974883,0
50.9368168,6.937337,0
50.9220533,6.9207904,1
50.9213002,6.9182683,1
50.920865,6.9189567,1
50.9213229,6.9186802,1
50.9229452,6.9239147,1
50.9398122,6.93787,0
50.939278,6.8423496,1
50.9411532,6.8384533,1
50.8587453,7.1005632,2
50.9537312,6.9150885,1
50.8590093,7.1060276,2
50.8589642,7.1046305,2
50.8589566,7.1044582,2
50.9414555,6.9353157,0
50.9415196,6.898975,1
50.9403436,6.9345838,0
50.9398879,6.9345323,0
50.9513176,6.9520765,0
50.9344746,6.9474211,0
50.9214979,6.9649382,0
50.9406221,6.8888146,1
50.9226558,6.9599211,0
50.910536,6.9688462,0
50.9331212,6.959361,0
50.9325151,6.9591308,0
50.9597109,6.948111,0
50.9216357,6.9572841,0
50.9354086,6.9595591,0
50.9537345,6.9110062,1
50.9399606,7.0014867,3
50.9212721,6.9591499,0
50.9363944,6.9328483,0
50.9407172,6.9409879,0
50.9407655,6.9408912,0
50.9230523,6.9625117,0
50.8815753,7.0808688,2
50.9503365,6.952508,0
50.9502314,6.9525499,0
50.8806122,7.0825542,2
50.916109,6.9612959,0
50.9147366,6.9617594,0
50.9554023,6.9156515,1
50.9383984,7.0066976,3
50.8921522,6.9937196,0
50.892615,6.9948466,0
50.8927673,6.9943794,0
50.893835,6.9942789,0
50.8940785,6.9950925,0
50.8826484,7.0629174,2
50.9369261,6.9756933,0
50.9486601,6.9079642,1
50.8913252,6.99007,0
50.953955,6.9106483,1
50.9496412,6.9571045,0
50.9497863,6.956745,0
50.9497528,6.9571012,0
50.9499543,6.9571162,0
50.9491826,6.9571439,0
50.9460875,6.9615207,0
50.9257753,6.8962363,1
50.9312659,6.9403575,0
50.9200296,6.954964,0
50.9462048,6.938587,0
50.9249866,6.9650242,0
50.9331027,6.9763357,0
50.9674455,7.0029254,3
50.9517836,6.9229043,1
50.9110506,6.988618,0
50.9117274,6.9916312,0
50.9336086,6.9243668,1
50.9576604,7.0086614,3
50.9504785,6.9167766,1
50.957878,7.0108861,3
50.957657,7.0104824,3
50.9366545,6.9463668,0
50.9216142,6.9252666,1
50.920943,6.9600527,0
50.91285,6.9223712,1
50.9233716,6.9277777,1
50.9431066,7.0515729,3
50.9207561,6.9573078,0
50.9850967,6.9465249,0
50.8919567,7.0018434,2
51.0645797,6.8662721,4
50.9205253,6.9595794,0
50.919972,6.9597272,0
50.91983,6.9597845,0
50.9204531,6.959585,0
50.9215775,6.9598103,0
50.9411666,6.9372889,0
50.9803123,7.0689834,3
50.9390409,6.9404788,0
50.9697595,6.8445133,4
50.9180954,6.9233983,1
50.9428857,6.9715483,0
50.964804,6.9121326,1
50.9236282,6.927126,1
50.9824171,7.0718277,3
50.9204754,6.9580996,0
50.9223086,6.9611781,0
50.9012246,6.9433289,0
50.9009066,6.9454117,0
50.9204707,6.9557665,0
50.9147234,6.9619571,0
50.9410864,6.9446929,0
50.8697793,7.0448,2
50.9429042,6.9352467,0
50.9709002,7.09165,3
50.974644,7.0749579,3
50.9731064,7.0690812,3
50.9194331,6.9219558,1
50.9369255,6.9454551,0
50.9399866,6.9603673,0
50.9528041,6.9153742,1
50.9776457,7.0714228,3
50.9759033,7.0732328,3
50.9672948,7.0033729,3
50.9645001,6.9768066,0
50.9419055,6.9754016,0
50.8948913,7.0789333,2
50.85803,7.0890301,2
50.968401,6.9459253,0
50.9381482,6.8790406,1
50.9183942,6.916602,1
50.961791,6.8382799,4
50.9308311,6.9390754,0
50.9345344,6.9382434,0
50.9786853,7.0709875,3
50.9783306,7.0698212,3
50.9358515,6.9532975,0
50.9598882,6.9956363,3
50.977661,6.9997826,3
50.9711251,6.9516795,0
50.9377254,6.9492967,0
50.9377338,6.9491759,0
50.8781834,7.0029703,2
50.9274839,6.9088235,1
50.9258185,6.9103081,1
50.9391006,7.0060039,3
50.927599,6.9435563,0
50.9457134,7.0812427,3
50.93295,6.9402873,0
50.9644556,6.8307826,4
50.9248708,6.9378984,0
50.9727104,7.072208,3
50.9312352,6.9439334,0
50.9635817,7.0011619,3
50.9303149,6.9427307,0
50.9647441,6.8314878,4
50.9568331,6.8782683,1
50.9307436,6.9474369,0
50.9332959,6.9453928,0
50.9242799,6.9585434,0
50.9202062,6.9277519,0
50.9775735,6.9665162,0
50.9477449,6.9592659,0
50.9152331,6.9185505,1
50.942498,6.9408496,0
50.9361073,6.9534567,0
50.944186,7.0031209,3
50.9447011,7.0036683,3
50.929652,7.0210853,3
50.9066009,6.958982,0
50.9501318,6.8451038,1
50.9363453,6.936416,0
50.9659858,6.975562,0
50.9685308,6.968728,0
50.967459,6.9533973,0
50.9648532,6.9534466,0
50.9647171,6.9534644,0
50.9647846,6.9534617,0
50.9625593,6.9517946,0
50.8790511,6.9632992,0
50.9438281,7.0308401,3
51.0174413,6.9164216,4
50.9243349,6.9444133,0
50.9357663,6.9534728,0
50.9215709,6.9612822,0
50.8754643,7.0981704,2
50.9237406,6.9364594,0
50.8751178,7.0981684,2
50.9178897,6.9237777,1
51.0692896,6.8610019,4
51.028976,6.8949685,4
51.0246704,6.8937435,4
51.0114986,6.9068934,4
50.9803155,6.9236049,1
50.9109236,6.9425782,0
50.9679662,6.953272,0
50.9355191,7.0609991,3
50.9332884,6.9342883,0
50.9643159,6.9477177,0
50.9620466,6.9995209,3
50.9300492,7.0400154,3
50.951391,6.9520315,0
50.9204443,6.9559464,0
50.9679858,7.0103438,3
50.9654762,7.0093914,3
50.9639927,7.0113429,3
50.9638067,7.0115821,3
50.9637513,7.0116519,3
50.9639953,7.011684,3
50.964179,7.0114426,3
50.9644459,7.0110875,3
50.9654271,7.0098355,3
50.919216,6.9618604,0
50.9381561,6.9608956,0
50.9089264,6.9411028,0
50.9299748,6.9391268,0
50.910895,6.9426575,0
50.9115055,6.9411796,0
51.0012159,6.9804306,3
50.9949077,6.9258137,4
50.9935217,6.9340253,4
50.9368046,6.9763743,0
50.9301827,6.99674,3
50.995962,6.9141126,4
50.9731199,7.0121116,3
50.917928,6.9237055,1
51.0210884,6.9074723,4
50.9746935,6.9467012,0
50.9253571,6.9195495,1
50.9177946,6.9238978,1
50.9400312,6.9379299,0
50.9392116,6.95851,0
50.9602347,6.8995044,1
50.9050788,7.0761174,2
50.9380817,6.9344747,0
50.933033,6.9527286,0
50.9329601,6.9527765,0
50.9529538,6.9563706,0
50.9545906,6.9253088,1
50.9320359,6.9196914,1
50.9406607,6.9433449,0
50.9379117,6.9601206,0
50.9465082,6.9227506,1
50.9432532,6.9593858,0
50.9563807,6.9131957,1
50.9386666,7.0067112,3
50.9379546,6.9387702,0
50.9302776,6.9413748,0
50.9605598,7.0074946,3
50.9143253,6.9307847,0
50.969915,7.0087726,3
50.9226791,6.9270032,1
50.9415139,6.9405545,0
50.9233887,6.9117962,1
50.9355216,6.9598213,0
50.9300428,6.9414704,0
50.8835366,7.0583571,2
51.0181313,6.9027472,4
50.9105178,6.941276,0
50.9501222,6.9235197,1
50.9340968,6.9522983,0
50.9321053,6.948696,0
50.9486701,6.9204278,1
50.8695909,7.0460719,2
50.8673168,7.0464144,2
50.9389013,7.0115798,3
50.9279656,6.9438852,0
50.942788,6.9410831,0
50.9376273,6.9368291,0
50.9360403,6.937156,0
50.8969605,7.0309129,2
51.0236028,6.8965154,4
50.9291689,6.945641,0
50.9206048,6.9567461,0
50.9652216,6.9531953,0
50.9517288,6.9596626,0
51.0073926,7.0026409,3
50.9209296,6.9583969,0
50.9401093,6.9721891,0
50.92182,6.956781,0
50.942908,6.922541,1
50.914449,7.0486008,2
50.9194019,6.9611146,0
50.9632608,6.9501346,0
50.9790377,7.0699098,3
50.9738177,7.0751957,3
50.9236815,6.9116643,1
50.9249327,6.9109936,1
50.8661782,6.996283,2
50.9604313,7.0072719,3
50.9513789,6.9186526,1
50.9358258,6.9401309,0
50.9365107,6.9920522,3
50.9575246,6.993906,3
50.9401681,6.9688065,0
50.9361164,6.9393088,0
50.9473497,6.9563599,0
50.9466408,6.956391,0
50.9462987,6.9565523,0
50.9458475,6.9562827,0
50.9495805,6.9575159,0
50.9494483,6.9581114,0
50.9483017,6.9541731,0
50.9485963,6.9535885,0
50.9487454,6.9534086,0
50.9479291,6.9552149,0
50.9446208,6.9609024,0
50.9966364,7.0380022,3
50.9427198,6.9410612,0
50.9454197,6.9404203,0
50.8754927,7.0824868,2
50.9366098,6.9366429,0
50.9490257,6.9135119,1
50.946443,6.9226924,1
50.9369185,6.9468655,0
50.9370102,6.9468642,0
50.9434661,6.882902,1
50.9929183,7.0441277,3
50.936992,6.9402788,0
50.9316,7.0396622,3
50.893818,6.9659516,0
50.9796896,6.8479147,4
50.9201563,6.9276886,0
50.9369844,6.8996575,1
50.9699041,7.0463785,3
50.9395694,6.9230093,1
50.9363867,6.9332577,0
50.9366053,6.9137709,1
50.9624751,6.9512005,0
50.9628469,6.951722,0
50.9634465,6.9515418,0
50.96315,6.9516351,0
50.9389584,6.9594408,0
50.9385496,6.9593119,0
50.9536569,6.9565617,0
50.9839146,7.0116869,3
50.9548876,6.9659006,0
50.9552003,6.96618,0
50.9498082,6.9527043,0
50.9280984,6.9445304,0
50.8699926,6.9960621,2
50.9335697,6.9556738,0
50.9363636,6.935424,0
50.9805236,6.8980376,4
50.8681276,7.0162017,2
50.9327112,6.9636387,0
50.9086924,6.9411307,0
50.9669464,6.9631735,0
50.9018675,6.9433723,0
50.9356196,6.9349478,0
50.961559,6.954236,0
50.9661301,6.9518722,0
50.9243492,6.9585398,0
50.9268625,6.9580313,0
50.9387488,6.9536326,0
50.9634856,6.9537555,0
50.9625528,6.9588381,0
50.9716912,7.0505672,3
50.9684135,7.03911,3
50.9500453,6.9571499,0
50.9211254,6.9607781,0
50.9599047,6.9547224,0
50.9709595,7.0729931,3
50.9376293,6.9590991,0
50.918611,6.9601402,0
50.9183183,6.9606023,0
50.9417064,7.007154,3
50.9258516,6.9447432,0
50.8578144,7.0876878,2
50.9194558,6.9532356,0
50.9553178,6.9077568,1
50.9396943,6.938472,0
50.9682526,7.0105474,3
50.9555309,6.932017,1
50.9727702,7.0535254,3
50.9754845,7.0611593,3
50.9332023,6.9395718,0
50.9301066,6.9407863,0
50.9360531,6.9754297,0
50.9466822,6.9245585,1
50.9461684,6.9234923,1
50.9489286,6.9551653,0
50.9361523,6.9520847,0
50.9428179,6.9426526,0
50.9470812,6.8976392,1
50.901794,7.0256514,2
50.8620927,7.0940527,2
50.9193218,6.9608171,0
50.9353156,6.9430863,0
50.9407296,6.9420209,0
50.8574075,7.0874835,2
50.88366,7.0557941,2
50.9400182,6.9453812,0
50.8461928,7.0046487,2
50.937281,6.9979819,3
50.9233422,6.9251139,1
50.9237189,6.9263139,1
50.9233871,6.9252522,1
50.9232402,6.9248111,1
50.951358,6.9791184,0
50.9514949,6.9144308,1
50.9505094,6.9803961,0
50.9636717,7.0009845,3
50.9222973,6.92147,1
50.9431116,7.0516539,3
50.9553266,6.8813457,1
50.9293666,7.06462,2
50.969154,7.0412092,3
50.9802101,6.9479933,0
50.9205486,6.9574305,0
50.9074773,6.9412713,0
50.9460606,6.9562986,0
50.946268,6.9562943,0
50.9205203,6.9214314,1
50.9369861,6.8983645,1
50.9709264,7.0125146,3
50.9299186,6.9409094,0
50.9306896,6.95709,0
50.9391163,7.0105307,3
50.9503028,7.0431884,3
50.9384189,7.0528992,3
50.9150357,6.9934347,0
50.937243,6.9486839,0
50.9199024,6.9322269,0
50.9204336,6.9328025,0
50.9706295,6.9519317,0
50.9282018,6.9408068,0
50.9280496,6.9402169,0
50.9384964,6.9366599,0
50.9415802,6.9370596,0
50.9156057,6.9281851,0
50.9616398,6.901026,1
50.9555903,6.9321251,1
50.9661996,6.9532101,0
50.9646641,6.9534702,0
50.9457329,6.9261837,1
50.9363922,6.9329633,0
50.9363546,6.9361369,0
50.9363603,6.9356495,0
50.9366034,6.9368398,0
50.9400567,6.9348593,0
50.9390426,6.9345106,0
50.9415601,6.9552694,0
50.9105689,6.9598741,0
50.9168736,6.9610247,0
50.9169869,6.9609871,0
50.9165997,6.960727,0
50.9204091,6.9619165,0
50.9749619,7.0752031,3
50.9306028,6.9210862,1
50.8734028,6.9537543,0
50.9403904,6.9455783,0
50.9432675,7.0427404,3
50.9664466,6.9108547,1
50.9095102,6.9614714,0
50.9785285,7.0707645,3
50.9477269,6.9448451,0
50.9497855,6.9120492,1
50.9273893,6.9420601,0
50.9367164,6.9378015,0
50.9231843,6.9595453,0
50.9480917,6.9314231,0
50.9447547,6.951991,0
50.9802848,6.8668264,4
50.9425169,6.9503655,0
50.9727616,6.951465,0
50.937224,6.8709723,1
50.9743057,6.9507612,0
50.9747335,7.0433334,3
50.9547174,6.9272403,1
50.9631915,7.0037081,3
50.976422,6.9603042,0
51.0225879,6.8996166,4
50.9346379,7.0246573,3
50.9550305,6.931518,1
50.9489344,6.9206429,1
50.9163803,6.9259358,1
50.9237478,6.9670182,0
50.9430259,6.949637,0
50.9758197,7.0254412,3
50.984527,7.0106112,3
50.9340195,6.94907,0
50.940666,6.959544,0
50.9341314,6.9606935,0
50.9272451,6.9450773,0
50.9363346,6.9446874,0
50.9607198,6.9820099,0
50.952151,6.9128252,1
50.9387907,6.9617943,0
50.9661432,6.9747207,0
50.937004,6.9564337,0
50.9463736,6.9230508,1
50.9734602,7.0082987,3
50.974227,7.0089202,3
50.9565069,6.9262254,1
50.9426761,7.0094048,3
50.9399336,7.0107669,3
50.9924227,6.9160837,4
50.94672,7.0093439,3
50.9400916,7.0070686,3
50.927101,6.9372828,0
50.9638256,7.0027735,3
50.9243719,6.933659,0
50.9610948,7.0043821,3
50.9693025,6.9781915,0
50.9488578,6.9213643,1
50.922548,6.9590219,0
50.950455,6.9268134,1
50.9344691,6.9203123,1
50.9023352,6.9714292,0
50.8986915,6.9662013,0
50.9343416,6.9505481,0
50.9406575,6.9502392,0
50.9460454,6.9251806,1
50.8849545,7.0552465,2
50.9189445,6.9274333,1
50.9180933,6.9247141,1
50.9523874,6.9540951,0
50.9343967,6.972015,0
50.931645,6.9767199,0
50.8454981,7.0046525,2
50.9347194,6.9451768,0
50.9554974,6.9224366,1
50.9706652,7.0075802,3
50.9951705,6.9248539,4
50.9092549,6.9573845,0
50.9269959,6.9797291,0
50.9452365,6.9387663,0
50.9520581,6.9956195,3
50.9509287,6.9274391,1
50.9254953,6.872444,1
50.9299228,6.9368312,0
51.0043973,6.9603674,0
50.9615827,6.918186,1
50.9640969,6.9530035,0
50.8736154,6.9467429,0
50.8872036,7.0003464,2
50.9312366,6.9411745,0
50.8579499,7.0837978,2
50.948434,7.0024656,3
50.8893599,7.0555793,2
50.8978641,6.9520823,0
50.9208884,6.9647203,0
50.9612418,6.9580185,0
50.934269,7.0610875,3
50.9217565,6.9500074,0
50.9433682,6.9102683,1
50.9396053,6.952801,0
50.9452018,6.9209321,1
50.9710842,7.0055642,3
50.9639319,7.0131517,3
50.9343912,6.9507132,0
50.9600071,6.9501745,0
50.9493366,6.9459907,0
50.8893557,6.991664,0
50.9928282,6.9067255,4
50.9457559,6.9476121,0
50.9583728,6.9088887,1
50.9467304,6.8391122,1
50.9703581,7.0071669,3
50.9243421,6.9261027,1
50.9051764,6.9536733,0
50.935024,6.9335016,0
50.9229387,6.9589432,0
50.9577425,6.8601506,1
50.9519508,6.9598972,0
50.9450125,6.828831,1
50.9128469,6.9656618,0
50.9406158,7.0074371,3
50.9453476,6.8983644,1
50.9563609,6.932904,0
50.9595375,6.8333217,4
50.9510094,6.9544502,0
50.9733914,6.8637293,4
50.9370406,6.9738925,0
50.9260899,6.925023,1
50.943169,6.928848,1
50.9322332,6.9323419,0
50.9669656,6.9667194,0
50.8372077,7.0697326,2
50.9265136,6.9139147,1
50.9469537,6.9626887,0
50.9410147,6.8959867,1
50.9465829,6.8290376,1
50.9413093,6.898999,1
50.9605136,6.9471198,0
50.9464955,6.8855808,1
50.8790856,7.082464,2
50.9370334,6.9376752,0
50.9487189,6.9433338,0
50.9109971,6.9891499,0
50.9529275,6.9251307,1
50.960944,6.9498946,0
50.9596621,6.9499824,0
50.959717,6.9499717,0
50.9830965,6.9479134,0
50.9257235,6.923408,1
50.8970804,7.0694298,2
50.9091768,6.9029438,1
50.9658693,6.8337843,4
50.955092,6.8819282,1
50.9549774,6.8811886,1
50.9526705,6.9086247,1
50.9069603,6.9401984,0
50.9341264,6.9985282,3
50.9623431,6.9040644,1
51.0350974,6.9046115,4
51.0366268,6.9029234,4
50.9304192,7.0562555,3
50.9709807,7.0158376,3
50.9354315,7.0363792,3
50.9347794,7.0400446,3
50.9303847,7.0388263,3
51.0266507,6.8902743,4
50.9243039,6.8707627,1
50.9966735,6.9135198,4
51.0208173,6.9085193,4
50.9876778,6.9616244,0
50.9392436,6.9601245,0
50.9364448,6.9198712,1
50.934724,6.9753527,0
50.9366816,6.9726452,0
50.9237366,6.9482651,0
50.9461329,6.910516,1
50.9318565,6.9606155,0
50.9335332,6.9611759,0
50.998005,6.9040664,4
50.8914709,6.9865409,0
50.9411846,6.8870646,1
50.9584051,6.9424677,0
50.9278291,6.9431974,0
50.9388497,6.9871397,0
50.9769498,6.8853925,4
50.9515405,7.0220448,3
50.9451138,6.9529524,0
50.8893526,7.0550888,2
50.8978791,7.0766994,2
50.9309506,6.9597916,0
50.9325414,6.9601945,0
50.9444525,7.0472546,3
50.9356917,6.931795,0
50.9420857,7.0040792,3
50.9445245,6.9187654,1
50.9712318,6.9678163,0
50.9837109,7.0647612,3
50.9139813,6.9453645,0
50.9279121,6.9269451,1
50.9279939,6.9270621,1
50.9280232,6.9272412,1
50.9277982,6.9267411,1
50.9471979,6.9153499,1
50.9535192,6.9152822,1
50.9498757,6.9112964,1
50.9346619,6.9379095,0
50.9326054,6.9340521,0
50.9287023,6.9465002,0
50.9592559,6.9024155,1
50.9502408,6.8995856,1
50.9507216,6.9130704,1
50.957732,6.9054387,1
50.9704299,6.951943,0
50.9673397,6.9534459,0
50.9364769,6.898383,1
50.9530595,6.9588195,0
50.9688194,6.9386016,0
50.9174388,6.9088033,1
50.9363685,6.9338055,0
51.059582,6.857069,4
50.9482007,6.9266249,1
50.954964,6.9161172,1
50.9411219,6.9455092,0
50.9073398,6.9567916,0
50.9142105,6.9480052,0
50.9602171,6.9177308,1
50.9409263,6.943984,0
50.9309121,6.9197531,1
50.909594,6.9684405,0
50.9474889,6.9603082,0
50.9687222,7.0456427,3
50.937185,6.9284994,1
50.9341558,6.9771226,0
50.953444,6.9216243,1
50.9282174,6.8401667,1
50.9080593,6.9631166,0
50.9524091,6.9520429,0
50.9608817,6.937821,0
50.974285,7.0745311,3
50.9762531,7.001246,3
50.9354109,6.9409484,0
50.953704,6.9198855,1
50.9575357,6.9010473,1
50.9588887,6.8980421,1
50.9662752,6.8339333,4
50.9358539,6.9494867,0
50.9424138,6.9510449,0
50.942839,6.9541466,0
50.942673,6.9569413,0
50.9728169,6.9531184,0
50.9493861,6.9177017,1
50.9383437,6.9571212,0
50.9488209,6.9465501,0
50.9703639,7.0468837,3
50.9607417,7.0063925,3
50.9302881,6.9147792,1
50.9433635,6.9417141,0
50.9472443,6.9225225,1
50.9509115,7.0055251,3
50.9565549,6.9556712,0
50.9533115,6.9631382,0
50.9166189,6.9257708,1
50.9166902,6.9262783,1
50.9805123,7.0300669,3
50.9703777,7.0088359,3
50.9095998,6.962694,0
50.9645408,6.953466,0
50.989219,6.9614844,0
50.9453845,7.077563,3
50.9361185,6.9591152,0
50.8816274,7.0810725,2
50.9481728,6.9202781,1
50.9222434,6.9213165,1
50.8842835,7.0566919,2
50.9486672,6.9197992,1
50.986905,6.9914727,3
50.9379781,6.9496497,0
50.9213788,6.9602284,0
50.9391393,6.9515085,0
50.9410608,6.940493,0
50.9362041,6.9386295,0
50.921325,6.957875,0
50.960776,7.0068274,3
51.0022098,6.9793537,3
50.9388893,6.9603359,0
50.9389904,6.9621738,0
50.883341,7.0592683,2
50.9103871,6.9412056,0
50.9222671,7.0851912,2
50.9217761,7.0813502,2
50.9421126,6.834015,1
50.933177,7.0207985,3
50.9649165,6.9765053,0
50.9285612,6.9113459,1
50.9404872,7.0096049,3
50.943882,7.0100934,3
51.0009965,7.040182,3
50.9619987,7.0051497,3
50.9505419,6.9562633,0
50.8930288,6.9962963,0
51.0629792,6.8611618,4
50.9290571,6.9125192,1
50.9292567,6.9121632,1
50.9303164,6.9956233,3
50.9379149,7.0015697,3
50.9219839,6.9614053,0
50.9443963,6.9608014,0
50.9649055,6.9348687,0
50.9378577,7.0009823,3
50.9379298,7.001776,3
50.937864,7.003894,3
50.938396,7.005244,3
50.9377401,6.9991676,3
50.9370422,6.8965251,1
51.0216619,6.897402,4
50.962185,6.9540567,0
50.8825169,7.0800822,2
51.0004661,7.0391126,3
50.8765505,6.9592871,0
50.9514095,6.9572991,0
50.9389205,6.9464874,0
50.9374598,6.8997882,1
50.9429209,7.0455115,3
50.8842698,7.0583488,2
50.9323864,6.8543504,1
50.9314107,6.9375736,0
50.9373072,6.9394946,0
50.9352774,6.9373625,0
50.9347566,7.061611,3
50.9369779,6.8988734,1
50.9629445,6.9543079,0
50.9638034,6.975986,0
50.8857619,7.0585278,2
50.9557498,6.8805231,1
50.8920067,6.9968707,0
51.0117534,6.9065571,4
51.0252366,6.9588342,4
50.9640965,6.9540472,0
50.9427007,6.9470374,0
50.937054,6.9485492,0
50.931717,6.9559779,0
50.9203044,7.0975108,2
50.9139732,6.9429067,0
50.9352357,6.9373938,0
50.9221847,6.9595873,0
50.919548,6.9672364,0
50.9511903,6.9568126,0
50.9652146,6.9789058,0
50.9364115,6.9500063,0
50.9259625,6.8972756,1
50.9362293,6.956018,0
50.9718852,7.0522372,3
50.9422997,6.9507265,0
50.9079315,6.9642918,0
50.9364224,6.8366,1
50.9169083,6.9253173,1
50.9733221,6.866557,4
50.9343372,6.9372647,0
50.8754203,6.956727,0
50.9625637,6.9539923,0
51.0141911,6.8530852,4
50.8825455,7.057322,2
50.8840944,7.0587601,2
50.9574179,6.9236134,1
50.9166017,6.9908734,0
50.916715,6.9899956,0
50.9081456,6.9642407,0
50.9111978,7.0528914,2
51.0221614,6.8978076,4
50.8921308,6.9935535,0
50.9678153,7.0112486,3
50.9992756,6.8790998,4
50.8929847,6.9939892,0
50.8931615,6.9947423,0
50.9099705,6.9675547,0
50.9433225,6.9477266,0
50.9617862,7.0060601,3
50.9996962,6.8802781,4
51.0137844,6.8544116,4
50.9368526,6.9775359,0
50.9767882,7.0722507,3
50.9804016,6.9483762,0
50.9678132,7.0111984,3
50.9403893,6.9388075,0
50.963226,6.9538064,0
50.8583386,7.0936746,2
50.9240135,6.9504118,0
50.9324932,6.9390528,0
50.9195658,6.9047876,1
50.9373096,6.912191,1
50.9390042,6.9500743,0
50.9345738,6.9601513,0
50.9359379,6.9600829,0
50.9377025,6.9540084,0
50.939458,6.932379,0
50.9302813,6.9568738,0
50.9304265,6.9339013,0
51.0252174,6.958801,4
50.9304213,6.9168089,1
50.9611361,7.0041158,3
50.9576698,7.0008934,3
50.8918683,6.9904932,0
50.9407354,6.9413879,0
51.0199953,6.8954607,4
50.9668868,6.9759545,0
50.8979541,7.0296389,2
50.9475582,6.9619324,0
50.9099996,6.94159,0
50.9521688,6.9133806,1
50.9217997,6.9680156,0
50.9702759,7.0466157,3
50.9325941,6.935482,0
50.9458003,6.923455,1
50.9949315,6.9254113,4
50.9510833,6.9582126,0
50.9374878,6.9449479,0
50.937088,6.9619478,0
50.9350028,6.9364498,0
50.8922406,7.0781451,2
50.9296765,6.9378969,0
51.0047856,6.899569,4
50.9213464,6.9494241,0
50.9042511,6.9648357,0
50.9437668,6.9421204,0
50.9243771,6.9449135,0
50.9252694,6.9582298,0
50.9313983,6.9375953,0
50.9205591,6.9555753,0
50.9386343,6.9512096,0
50.9366908,6.9364479,0
50.9363633,6.9368048,0
50.9705585,7.0090507,3
51.063811,6.86432,4
50.9406158,6.960824,0
50.9493651,6.9600314,0
50.884126,7.0548297,2
50.9364431,7.0045987,3
50.9482714,6.960011,0
50.9322859,6.9360346,0
50.9396681,6.9605866,0
50.9336525,6.9564395,0
50.9336556,6.8606368,1
50.9282603,6.9634869,0
50.9220495,7.0832468,2
50.949635,6.9552433,0
50.9407011,6.9558898,0
50.9382806,6.9457799,0
50.9216634,6.9332683,0
50.951983,6.9592402,0
50.9369708,6.9727403,0
51.0238009,6.8959174,4
51.0150349,6.8584062,4
50.8459537,7.0053127,2
50.9688205,6.9387764,0
50.9069797,6.9635114,0
50.9345032,6.9451552,0
50.9371644,6.998977,3
50.9384174,6.8391606,1
50.9201233,6.9276536,0
50.9439275,6.9422668,0
50.9616285,6.9491672,0
50.9406755,6.9600503,0
50.9220154,6.9559334,0
50.9379184,6.9398229,0
50.9393335,6.9357079,0
50.885877,7.059991,2
50.9510818,6.9525017,0
50.9394289,6.9399663,0
50.8479178,6.975911,0
50.9464625,6.9583012,0
50.962919,6.9529178,0
51.0181506,6.9027066,4
50.933605,6.9477256,0
50.9445194,6.9542281,0
50.9203234,6.9402665,0
50.937706,6.9499365,0
50.969119,7.0422776,3
50.9859472,6.9975456,3
50.9678256,6.9072699,1
50.9505141,6.9135669,1
50.9986242,6.8777381,4
50.8939261,6.9941592,0
50.8813537,7.0802158,2
50.8919488,7.077722,2
50.9257838,6.9656007,0
50.9510755,6.9112899,1
50.9631563,7.0046492,3
50.9722571,7.0112146,3
50.9719159,7.0522446,3
50.9692523,7.0411856,3
50.8625376,7.0079115,2
50.9427551,7.0016762,3
50.9332778,6.9347059,0
50.9291786,6.937108,0
50.9647066,6.8314075,4
50.9675391,6.8736275,1
50.8492317,6.9729522,0
50.981527,7.0332024,3
50.9468207,6.8912993,1
50.9481401,6.8483332,1
50.9465324,6.8433156,1
50.9170023,6.9240267,1
50.9396461,6.9548001,0
50.9359848,6.8352147,1
50.9759615,6.8651785,4
50.9031628,6.9638153,0
50.9433825,6.8828303,1
50.9361589,6.9439454,0
50.9197968,6.9204786,1
50.9432912,6.9478529,0
51.0135908,6.8552784,4
50.9458555,6.9735478,0
50.9462698,6.9384099,0
50.9430731,6.9350768,0
50.9387318,6.8334738,1
50.9552561,6.9078749,1
50.9554898,6.8814166,1
50.9554201,6.8805771,1
50.9504652,6.8447667,1
50.9001335,7.0183258,2
50.9001614,7.0183566,2
51.0494533,6.9193897,4
51.037028,6.9024876,4
51.0291679,6.8920353,4
50.8766918,6.9594543,0
50.9661529,7.013255,3
50.9108781,6.9427205,0
50.9403306,7.0261216,3
50.9369794,6.9331209,0
50.9353236,6.9347751,0
50.9502792,6.9554023,0
50.9242385,6.958802,0
50.9042996,6.9666122,0
50.9091702,6.9699479,0
50.9582481,6.899411,1
50.9754983,7.0743712,3
